Country Name,Country Code,Series Name,Series Code,2008 [YR2008],2010 [YR2010],2012 [YR2012],2014 [YR2014],2016 [YR2016],2018 [YR2018],2021 [YR2021]
India,IND,Access to electricity (% of population),EG.ELC.ACCS.ZS,74.1,76.3,79.9,85.1,89.6,95.7,99.6
India,IND,Access to clean fuels and technologies for cooking (% of population),EG.CFT.ACCS.ZS,31.9,35.3,39.2,44.4,50.9,58.6,70.5
India,IND,"Access to clean fuels and technologies for cooking, rural (% of rural population)",EG.CFT.ACCS.RU.ZS,12.1,14.5,18.3,23.7,31.1,40.6,57.1
India,IND,"Access to clean fuels and technologies for cooking, urban (% of urban population)",EG.CFT.ACCS.UR.ZS,66.1,70.7,75.6,80.6,85.3,89.3,93.8
India,IND,"Access to electricity, rural (% of rural population)",EG.ELC.ACCS.RU.ZS,65.7,68.4,72.4,79.4,85.3,93.9,99.3
India,IND,"Access to electricity, urban (% of urban population)",EG.ELC.ACCS.UR.ZS,93.6,94,96.1,97.1,98.2,99.1,100
India,IND,Population ages 0-14 (% of total population),SP.POP.0014.TO.ZS,32.2404380107605,31.3423674128553,30.4154795250561,29.4366305001804,28.3851530629213,27.3277554659182,25.9051614152815
India,IND,"Population ages 0-14, female",SP.POP.0014.FE.IN,185383966,185486061,185136050,183993964,181831596,179200843,175075695
India,IND,"Population ages 0-14, female (% of female population)",SP.POP.0014.FE.ZS,31.7939599176028,30.8945978356853,29.9787388576964,29.0206227255036,27.9944541352968,26.9633526600405,25.5853959580537
India,IND,"Population ages 0-14, male",SP.POP.0014.MA.IN,204058267,204250499,203778931,202296224,199649050,196462625,191276108
India,IND,"Population ages 0-14, male (% of male population)",SP.POP.0014.MA.ZS,32.6570681666738,31.7603961116438,30.8234447660303,29.8254948931475,28.7505956560623,27.66883749664,26.2049309940379
India,IND,"Population ages 0-14, total",SP.POP.0014.TO,389442234,389736560,388914981,386290188,381480646,375663468,366351802
India,IND,Population ages 15-64 (% of total population),SP.POP.1564.TO.ZS,62.9374830161807,63.7171853960836,64.4911322144707,65.2562148871274,65.9731160836743,66.6529850197096,67.5490478920304
India,IND,"Population ages 15-64, female",SP.POP.1564.FE.IN,366582809,382079870,397634456,412907483,427477653,441709500,460474670
India,IND,"Population ages 15-64, female (% of female population)",SP.POP.1564.FE.ZS,62.8701573058005,63.6393045446197,64.3882133439277,65.1262250058953,65.8136641097273,66.461568125948,67.2933315743842
India,IND,"Population ages 15-64, male",SP.POP.1564.MA.IN,393658536,410231584,426997208,443434941,459164278,474541800,494806597
India,IND,"Population ages 15-64, male (% of male population)",SP.POP.1564.MA.ZS,63.0003078706193,63.7898933973814,64.587270094361,65.3777232803214,66.1222604470719,66.8321517598816,67.7887735130731
India,IND,"Population ages 15-64, total",SP.POP.1564.TO,760241345,792311454,824631664,856342424,886641930,916251300,955281267
India,IND,Population ages 65 and above (% of total population),SP.POP.65UP.TO.ZS,4.82207897305879,4.94044719106105,5.09338826047327,5.30715461269221,5.64173085340436,6.01925951437221,6.54579069268807
India,IND,"Population ages 65 and above, female",SP.POP.65UP.FE.IN,31112422,32817547,34787328,37109634,40217956,43698562,48729429
India,IND,"Population ages 65 and above, male",SP.POP.65UP.MA.IN,27134963,28616003,30340529,32534945,35603764,39045735,43841398
India,IND,"Population ages 65 and above, female (% of female population)",SP.POP.65UP.FE.ZS,5.33588277659667,5.46609761969499,5.63304779837588,5.85315226860116,6.19188175497591,6.57507921401153,7.12127246756211
India,IND,"Population ages 65 and above, male (% of male population)",SP.POP.65UP.MA.ZS,4.34262396270688,4.44971049097478,4.58928513960867,4.79678182653118,5.12714389686587,5.49901074347834,6.00629549288907
India,IND,"Population ages 65 and above, total",SP.POP.65UP.TO,58247385,61433550,65127857,69644579,75821720,82744296,92570827
United States,USA,Access to electricity (% of population),EG.ELC.ACCS.ZS,100,100,100,100,100,100,100
United States,USA,Access to clean fuels and technologies for cooking (% of population),EG.CFT.ACCS.ZS,100,100,100,100,100,100,100
United States,USA,"Access to clean fuels and technologies for cooking, rural (% of rural population)",EG.CFT.ACCS.RU.ZS,100,100,100,100,100,100,100
United States,USA,"Access to clean fuels and technologies for cooking, urban (% of urban population)",EG.CFT.ACCS.UR.ZS,100,100,100,100,100,100,100
United States,USA,"Access to electricity, rural (% of rural population)",EG.ELC.ACCS.RU.ZS,100,100,100,100,100,100,100
United States,USA,"Access to electricity, urban (% of urban population)",EG.ELC.ACCS.UR.ZS,100,100,100,100,100,100,100
United States,USA,Population ages 0-14 (% of total population),SP.POP.0014.TO.ZS,19.9086542295061,19.699845970005,19.5063858063675,19.3063454853775,19.0672311047361,18.7864697356003,18.1461171256033
United States,USA,"Population ages 0-14, female",SP.POP.0014.FE.IN,29484568,29678892,29813266,29922248,29974283,29864434,29318012
United States,USA,"Population ages 0-14, female (% of female population)",SP.POP.0014.FE.ZS,19.3338634285683,19.1432591754023,18.9857509551883,18.8237523357876,18.6176259581208,18.3657947896947,17.758675829566
United States,USA,"Population ages 0-14, male",SP.POP.0014.MA.IN,31056448,31258079,31412921,31546517,31626556,31536925,30935985
United States,USA,"Population ages 0-14, male (% of male population)",SP.POP.0014.MA.ZS,20.4868971655287,20.2591178107904,20.0276238648676,19.7875273787143,19.5138602584889,19.2029944940661,18.5292268698632
United States,USA,"Population ages 0-14, total",SP.POP.0014.TO,60541016,60936971,61226188,61468765,61600838,61401359,60253996
United States,USA,Population ages 15-64 (% of total population),SP.POP.1564.TO.ZS,67.6046849573474,67.4553923662808,67.1170061555629,66.6847279137693,66.3180403833652,65.9220436398193,65.380112850592
United States,USA,"Population ages 15-64, female",SP.POP.1564.FE.IN,101415453,102945967,103765322,104341269,105062144,105418790,106021277
United States,USA,"Population ages 15-64, female (% of female population)",SP.POP.1564.FE.ZS,66.500974663872,66.4014453511382,66.080064247801,65.6399291228573,65.2561972179954,64.8296181352416,64.2198217558301
United States,USA,"Population ages 15-64, male",SP.POP.1564.MA.IN,104166314,105711871,106899968,107973788,109192713,110039630,111072719
United States,USA,"Population ages 15-64, male (% of male population)",SP.POP.1564.MA.ZS,68.7150240225802,68.5144237571887,68.1551494637855,67.7264713798634,67.372855075629,67.0036917718621,66.5274320164314
United States,USA,"Population ages 15-64, total",SP.POP.1564.TO,205581768,208657838,210665290,212315057,214254857,215458420,217093996
United States,USA,Population ages 65 and above (% of total population),SP.POP.65UP.TO.ZS,12.4866608131465,12.8447616637143,13.3766080380696,14.0089266008532,14.6147285118987,15.2914866245804,16.4737700238047
United States,USA,"Population ages 65 and above, female",SP.POP.65UP.FE.IN,21602184,22410873,23451105,24696541,25963062,27325770,29751915
United States,USA,"Population ages 65 and above, male",SP.POP.65UP.MA.IN,16368998,17321461,18535080,19905966,21252998,22652649,24949070
United States,USA,"Population ages 65 and above, female (% of female population)",SP.POP.65UP.FE.ZS,14.1651619075597,14.4552954734596,14.9341847970107,15.536318541355,16.1261768238838,16.8045870750637,18.0215024146039
United States,USA,"Population ages 65 and above, male (% of male population)",SP.POP.65UP.MA.ZS,10.7980788118912,11.2264584320209,11.8172266713469,12.4860012414223,13.1132846658821,13.7933137340718,14.9433411137054
United States,USA,"Population ages 65 and above, total",SP.POP.65UP.TO,37971182,39732334,41986185,44602507,47216060,49978419,54700985
Netherlands,NLD,Access to electricity (% of population),EG.ELC.ACCS.ZS,100,100,100,100,100,100,100
Netherlands,NLD,Access to clean fuels and technologies for cooking (% of population),EG.CFT.ACCS.ZS,100,100,100,100,100,100,100
Netherlands,NLD,"Access to clean fuels and technologies for cooking, rural (% of rural population)",EG.CFT.ACCS.RU.ZS,100,100,100,100,100,100,100
Netherlands,NLD,"Access to clean fuels and technologies for cooking, urban (% of urban population)",EG.CFT.ACCS.UR.ZS,100,100,100,100,100,100,100
Netherlands,NLD,"Access to electricity, rural (% of rural population)",EG.ELC.ACCS.RU.ZS,100,100,100,100,100,100,100
Netherlands,NLD,"Access to electricity, urban (% of urban population)",EG.ELC.ACCS.UR.ZS,100,100,100,100,100,100,100
Netherlands,NLD,Population ages 0-14 (% of total population),SP.POP.0014.TO.ZS,17.9024300278998,17.5793851794456,17.2792377456397,16.8645600403075,16.4165469270507,16.0002168612242,15.4869781775407
Netherlands,NLD,"Population ages 0-14, female",SP.POP.0014.FE.IN,1437995,1426595,1414090,1388781,1364381,1344845,1324388
Netherlands,NLD,"Population ages 0-14, female (% of female population)",SP.POP.0014.FE.ZS,17.271323934919,16.9709246679919,16.6881491314988,16.2911526219186,15.8704744556854,15.4762404780759,14.9981321037171
Netherlands,NLD,"Population ages 0-14, male",SP.POP.0014.MA.IN,1506166,1494289,1481040,1455428,1431408,1412252,1390951
Netherlands,NLD,"Population ages 0-14, male (% of male population)",SP.POP.0014.MA.ZS,18.5495652971897,18.2024349659606,17.8840498618391,17.4506525466349,16.9732154510822,16.5332632228744,15.9829952771539
Netherlands,NLD,"Population ages 0-14, total",SP.POP.0014.TO,2944161,2920884,2895130,2844209,2795789,2757097,2715339
Netherlands,NLD,Population ages 15-64 (% of total population),SP.POP.1564.TO.ZS,67.3929422558835,67.1415432435357,66.3807718191341,65.7829993073729,65.4890558058781,65.248775211947,64.8512129916232
Netherlands,NLD,"Population ages 15-64, female",SP.POP.1564.FE.IN,5508824,5547010,5534817,5523837,5550192,5594883,5653265
Netherlands,NLD,"Population ages 15-64, female (% of female population)",SP.POP.1564.FE.ZS,66.1648216631476,65.9877967589472,65.3182365172912,64.7975883459957,64.5598016351171,64.3849220916151,64.020823684029
Netherlands,NLD,"Population ages 15-64, male",SP.POP.1564.MA.IN,5574345,5608822,5587257,5570471,5602800,5648541,5717127
Netherlands,NLD,"Population ages 15-64, male (% of male population)",SP.POP.1564.MA.ZS,68.6522553243833,68.3229535197717,67.4679763584705,66.7902098205171,66.4363413308093,66.1275815429238,65.6937835224265
Netherlands,NLD,"Population ages 15-64, total",SP.POP.1564.TO,11083169,11155832,11122073,11094308,11152992,11243424,11370392
Netherlands,NLD,Population ages 65 and above (% of total population),SP.POP.65UP.TO.ZS,14.7046277162167,15.2790715770186,16.3399904352262,17.3524406523196,18.0943972670713,18.7510079268288,19.6618088308361
Netherlands,NLD,"Population ages 65 and above, female",SP.POP.65UP.FE.IN,1379092,1432509,1524710,1612139,1682405,1750013,1852700
Netherlands,NLD,"Population ages 65 and above, male",SP.POP.65UP.MA.IN,1039171,1106168,1213049,1314352,1399128,1481090,1594613
Netherlands,NLD,"Population ages 65 and above, female (% of female population)",SP.POP.65UP.FE.ZS,16.5638544019335,17.0412785730609,17.99361435121,18.9112590320857,19.5697239091975,20.138837430309,20.9810442122539
Netherlands,NLD,"Population ages 65 and above, male (% of male population)",SP.POP.65UP.MA.ZS,12.798179378427,13.4746115142677,14.6479737796904,15.759137632848,16.5904432181085,17.3391552342018,18.3232212004195
Netherlands,NLD,"Population ages 65 and above, total",SP.POP.65UP.TO,2418263,2538678,2737759,2926491,3081533,3231103,3447314
Afghanistan,AFG,Access to electricity (% of population),EG.ELC.ACCS.ZS,42.4,42.7,69.1,89.5,97.7,93.4,97.7
Afghanistan,AFG,Access to clean fuels and technologies for cooking (% of population),EG.CFT.ACCS.ZS,16.6,19.9,22.9,26.1,28.8,31.4,34.9
Afghanistan,AFG,"Access to clean fuels and technologies for cooking, rural (% of rural population)",EG.CFT.ACCS.RU.ZS,4.3,5.9,8,10.2,12.6,14.5,17.4
Afghanistan,AFG,"Access to clean fuels and technologies for cooking, urban (% of urban population)",EG.CFT.ACCS.UR.ZS,62.9,69.4,74.3,78,80.5,82.6,84.5
Afghanistan,AFG,"Access to electricity, rural (% of rural population)",EG.ELC.ACCS.RU.ZS,28,30.2,60.8,86.5,97.1,91.6,97.1
Afghanistan,AFG,"Access to electricity, urban (% of urban population)",EG.ELC.ACCS.UR.ZS,89.9,82.8,95,98.7,99.5,98.8,99.5
Afghanistan,AFG,Population ages 0-14 (% of total population),SP.POP.0014.TO.ZS,49.2514090938579,48.4673299618618,47.6053053475006,46.7130662681856,45.801448689147,44.9596071789272,43.90812524631
Afghanistan,AFG,"Population ages 0-14, female",SP.POP.0014.FE.IN,6355593,6677597,7086242,7463543,7747615,8058273,8576018
Afghanistan,AFG,"Population ages 0-14, female (% of female population)",SP.POP.0014.FE.ZS,48.3987319724391,47.6570248503063,46.8445404807661,46.0092187431853,45.1511196860547,44.3287926465546,43.2827144665104
Afghanistan,AFG,"Population ages 0-14, male",SP.POP.0014.MA.IN,6687472,7030946,7461955,7854850,8145768,8461253,8987413
Afghanistan,AFG,"Population ages 0-14, male (% of male population)",SP.POP.0014.MA.ZS,50.0900895097731,49.2628435503028,48.3509987470264,47.4020967334444,46.4376146703478,45.577298734585,44.5219953418272
Afghanistan,AFG,"Population ages 0-14, total",SP.POP.0014.TO,13043065,13708543,14548198,15318393,15893383,16519526,17563431
Afghanistan,AFG,Population ages 15-64 (% of total population),SP.POP.1564.TO.ZS,48.4650217036667,49.2260551369721,50.0567833137882,50.9303980666568,51.843053949596,52.6732723441847,53.7393252349501
Afghanistan,AFG,"Population ages 15-64, female",SP.POP.1564.FE.IN,6444082,6973985,7643141,8323709,8949953,9626298,10697796
Afghanistan,AFG,"Population ages 15-64, female (% of female population)",SP.POP.1564.FE.ZS,49.0725881697188,49.7722987209547,50.5259914509987,51.3117329304609,52.1580415607365,52.9545434854272,53.9912196231787
Afghanistan,AFG,"Population ages 15-64, male",SP.POP.1564.MA.IN,6390727,6949157,7654229,8377654,9039904,9727463,10798155
Afghanistan,AFG,"Population ages 15-64, male (% of male population)",SP.POP.1564.MA.ZS,47.8674284486759,48.6897828273693,49.5968706308807,50.5570908810896,51.5349262146274,52.3978525498082,53.4920790454749
Afghanistan,AFG,"Population ages 15-64, total",SP.POP.1564.TO,12834809,13923141,15297370,16701362,17989857,19353761,21495952
Afghanistan,AFG,Population ages 65 and above (% of total population),SP.POP.65UP.TO.ZS,2.28356920247549,2.30661490116607,2.33791133871121,2.35653566515757,2.35549736125691,2.36712047688815,2.35254951873996
Afghanistan,AFG,"Population ages 65 and above, female",SP.POP.65UP.FE.IN,332060,360197,397764,434591,461729,493846,540141
Afghanistan,AFG,"Population ages 65 and above, male",SP.POP.65UP.MA.IN,272689,292208,316703,338176,355643,375906,400888
Afghanistan,AFG,"Population ages 65 and above, female (% of female population)",SP.POP.65UP.FE.ZS,2.52867985784207,2.57067642873899,2.62946806823521,2.6790483263538,2.69083875320879,2.71666386801821,2.72606591031089
Afghanistan,AFG,"Population ages 65 and above, male (% of male population)",SP.POP.65UP.MA.ZS,2.04248204155102,2.04737362232791,2.05213062209294,2.040812385466,2.02745911502475,2.02484871560673,1.98592561269794
Afghanistan,AFG,"Population ages 65 and above, total",SP.POP.65UP.TO,604749,652405,714467,772767,817372,869752,941030
Australia,AUS,Access to electricity (% of population),EG.ELC.ACCS.ZS,100,100,100,100,100,100,100
Australia,AUS,Access to clean fuels and technologies for cooking (% of population),EG.CFT.ACCS.ZS,100,100,100,100,100,100,100
Australia,AUS,"Access to clean fuels and technologies for cooking, rural (% of rural population)",EG.CFT.ACCS.RU.ZS,100,100,100,100,100,100,100
Australia,AUS,"Access to clean fuels and technologies for cooking, urban (% of urban population)",EG.CFT.ACCS.UR.ZS,100,100,100,100,100,100,100
Australia,AUS,"Access to electricity, rural (% of rural population)",EG.ELC.ACCS.RU.ZS,100,100,100,100,100,100,100
Australia,AUS,"Access to electricity, urban (% of urban population)",EG.ELC.ACCS.UR.ZS,100,100,100,100,100,100,100
Australia,AUS,Population ages 0-14 (% of total population),SP.POP.0014.TO.ZS,19.3123413517601,19.0688510244334,18.945711489664,18.9164776713354,18.8876222294296,18.7618242578521,18.4234342046625
Australia,AUS,"Population ages 0-14, female",SP.POP.0014.FE.IN,1998050,2045593,2096585,2161007,2222827,2275874,2298903
Australia,AUS,"Population ages 0-14, female (% of female population)",SP.POP.0014.FE.ZS,18.7135172511737,18.489808453089,18.3586431748968,18.3021720524019,18.2410081133421,18.0979222145848,17.7651504868642
Australia,AUS,"Population ages 0-14, male",SP.POP.0014.MA.IN,2105668,2155609,2210432,2279766,2346260,2407688,2433232
Australia,AUS,"Population ages 0-14, male (% of male population)",SP.POP.0014.MA.ZS,19.9171064404017,19.6529063527362,19.5383237649607,19.538105176132,19.5439769763881,19.4357702115176,19.0918222854586
Australia,AUS,"Population ages 0-14, total",SP.POP.0014.TO,4103718,4201202,4307017,4440773,4569087,4683563,4732135
Australia,AUS,Population ages 15-64 (% of total population),SP.POP.1564.TO.ZS,67.5103706198825,67.4018595917306,66.9662425056812,66.4491289382527,65.9615614705209,65.5972081360588,64.8273784315574
Australia,AUS,"Population ages 15-64, female",SP.POP.1564.FE.IN,7151827,7403860,7602383,7810158,8010861,8221803,8351322
Australia,AUS,"Population ages 15-64, female (% of female population)",SP.POP.1564.FE.ZS,66.9832220273025,66.9223965257555,66.5699029021769,66.1464096748378,65.7388976032691,65.3803899528265,64.536220119897
Australia,AUS,"Population ages 15-64, male",SP.POP.1564.MA.IN,7193586,7445949,7621364,7789231,7945839,8153397,8299857
Australia,AUS,"Population ages 15-64, male (% of male population)",SP.POP.1564.MA.ZS,68.042749101321,67.8854733573938,67.3663249293358,66.7554563013284,66.1875795586059,65.8173064754936,65.1230058941194
Australia,AUS,"Population ages 15-64, total",SP.POP.1564.TO,14345413,14849809,15223747,15599389,15956700,16375200,16651179
Australia,AUS,Population ages 65 and above (% of total population),SP.POP.65UP.TO.ZS,13.1772880283573,13.529289383836,14.0880460046549,14.6343933904119,15.1508163000494,15.6409676060892,16.7491873637801
Australia,AUS,"Population ages 65 and above, female",SP.POP.65UP.FE.IN,1527165,1613899,1721183,1836215,1952189,2077658,2290295
Australia,AUS,"Population ages 65 and above, male",SP.POP.65UP.MA.IN,1272903,1366840,1481518,1599309,1712931,1826838,2011803
Australia,AUS,"Population ages 65 and above, female (% of female population)",SP.POP.65UP.FE.ZS,14.3032607215238,14.5877950211555,15.0714539229264,15.5514182727603,16.0200942833888,16.5216878325886,17.6986293932388
Australia,AUS,"Population ages 65 and above, male (% of male population)",SP.POP.65UP.MA.ZS,12.0401444582772,12.4616202898701,13.0953513057036,13.7064385225396,14.2684434650061,14.7469233129889,15.785171820422
Australia,AUS,"Population ages 65 and above, total",SP.POP.65UP.TO,2800068,2980739,3202701,3435524,3665120,3904495,4302098
Austria,AUT,Access to electricity (% of population),EG.ELC.ACCS.ZS,100,100,100,100,100,100,100
Austria,AUT,Access to clean fuels and technologies for cooking (% of population),EG.CFT.ACCS.ZS,100,100,100,100,100,100,100
Austria,AUT,"Access to clean fuels and technologies for cooking, rural (% of rural population)",EG.CFT.ACCS.RU.ZS,100,100,100,100,100,100,100
Austria,AUT,"Access to clean fuels and technologies for cooking, urban (% of urban population)",EG.CFT.ACCS.UR.ZS,100,100,100,100,100,100,100
Austria,AUT,"Access to electricity, rural (% of rural population)",EG.ELC.ACCS.RU.ZS,100,100,100,100,100,100,100
Austria,AUT,"Access to electricity, urban (% of urban population)",EG.ELC.ACCS.UR.ZS,100,100,100,100,100,100,100
Austria,AUT,Population ages 0-14 (% of total population),SP.POP.0014.TO.ZS,15.2486783261712,14.8209257483914,14.4901306406695,14.3011125354513,14.3661093998906,14.4299641791993,14.3606656208757
Austria,AUT,"Population ages 0-14, female",SP.POP.0014.FE.IN,619058,604575,595120,594854,609679,619568,624768
Austria,AUT,"Population ages 0-14, female (% of female population)",SP.POP.0014.FE.ZS,14.4909785430305,14.0892380269034,13.7782410899374,13.6165256106524,13.7185804099762,13.7906165786959,13.7331545870796
Austria,AUT,"Population ages 0-14, male",SP.POP.0014.MA.IN,649860,634959,626396,627370,645440,656116,661344
Austria,AUT,"Population ages 0-14, male (% of male population)",SP.POP.0014.MA.ZS,16.0480193149765,15.591902460677,15.2381387861047,15.0169775711304,15.0365225849777,15.0906104227858,15.0085244864229
Austria,AUT,"Population ages 0-14, total",SP.POP.0014.TO,1268918,1239534,1221517,1222224,1255119,1275684,1286112
Austria,AUT,Population ages 15-64 (% of total population),SP.POP.1564.TO.ZS,67.4703488810414,67.5198292810067,67.5601644337772,67.3108310981136,67.1339749165576,66.8074529749847,66.1764816581673
Austria,AUT,"Population ages 15-64, female",SP.POP.1564.FE.IN,2804770,2823107,2847099,2870706,2912000,2931993,2940960
Austria,AUT,"Population ages 15-64, female (% of female population)",SP.POP.1564.FE.ZS,65.6543973166852,65.7907616049615,65.9160901659371,65.71200816778,65.5238453493658,65.2615492845998,64.6458373055638
Austria,AUT,"Population ages 15-64, male",SP.POP.1564.MA.IN,2809772,2823850,2848217,2881917,2953272,2974134,2985672
Austria,AUT,"Population ages 15-64, male (% of male population)",SP.POP.1564.MA.ZS,69.3861004113617,69.3417416529755,69.2876528380947,68.9827026933885,68.801007757337,68.4048554915422,67.756759072311
Austria,AUT,"Population ages 15-64, total",SP.POP.1564.TO,5614542,5646956,5695316,5752623,5865273,5906127,5926631
Austria,AUT,Population ages 65 and above (% of total population),SP.POP.65UP.TO.ZS,17.2809727927874,17.6592449706019,17.9497049255533,18.3880563664351,18.4999156835518,18.7625828458159,19.462852720957
Austria,AUT,"Population ages 65 and above, female",SP.POP.65UP.FE.IN,848194,863357,877058,903057,922505,941119,983613
Austria,AUT,"Population ages 65 and above, male",SP.POP.65UP.MA.IN,589842,613557,636100,668452,693771,717591,759440
Austria,AUT,"Population ages 65 and above, female (% of female population)",SP.POP.65UP.FE.ZS,19.8546241402843,20.120000368135,20.3056687441256,20.6714662215675,20.757574240658,20.9478341367043,21.6210081073566
Austria,AUT,"Population ages 65 and above, male (% of male population)",SP.POP.65UP.MA.ZS,14.5658802736618,15.0663558863475,15.4742083758006,16.0003197354811,16.1624696576853,16.5045340856721,17.234716441266
Austria,AUT,"Population ages 65 and above, total",SP.POP.65UP.TO,1438035,1476914,1513159,1571509,1616276,1658710,1743054
Bangladesh,BGD,Access to electricity (% of population),EG.ELC.ACCS.ZS,54.3,55.3,65.5,62.4,75.9,86.9,99
Bangladesh,BGD,Access to clean fuels and technologies for cooking (% of population),EG.CFT.ACCS.ZS,10.8,12.6,14.6,16.8,19.4,21.9,26.4
Bangladesh,BGD,"Access to clean fuels and technologies for cooking, rural (% of rural population)",EG.CFT.ACCS.RU.ZS,1.8,2.4,3.1,4.1,5.4,6.8,9.8
Bangladesh,BGD,"Access to clean fuels and technologies for cooking, urban (% of urban population)",EG.CFT.ACCS.UR.ZS,38.5,42,45.9,49.55,52.9,55.3,58.5
Bangladesh,BGD,"Access to electricity, rural (% of rural population)",EG.ELC.ACCS.RU.ZS,41.7,40,53.8,48.1,66.1,81.3,98.5
Bangladesh,BGD,"Access to electricity, urban (% of urban population)",EG.ELC.ACCS.UR.ZS,85.2,90.1,90.6,90.7,94,96.6,99.7
Bangladesh,BGD,Population ages 0-14 (% of total population),SP.POP.0014.TO.ZS,34.793277305561,34.0504147772873,33.0265015658096,31.8063072462316,30.5660498794143,29.7445382083272,29.0745008042507
Bangladesh,BGD,"Population ages 0-14, female",SP.POP.0014.FE.IN,25605327,25518995,25207404,24711708,24155029,23827467,23589288
Bangladesh,BGD,"Population ages 0-14, female (% of female population)",SP.POP.0014.FE.ZS,34.2607366381773,33.3635678605612,32.2165586939772,30.8922336160765,29.5581656093512,28.6760082684499,27.7238858322483
Bangladesh,BGD,"Population ages 0-14, male",SP.POP.0014.MA.IN,26401668,26306411,26006825,25531103,24998826,24811724,25156687
Bangladesh,BGD,"Population ages 0-14, male (% of male population)",SP.POP.0014.MA.ZS,35.3258111146793,34.7442761314006,33.8513847954467,32.7440805478319,31.607432558505,30.8484181269764,30.466239478824
Bangladesh,BGD,"Population ages 0-14, total",SP.POP.0014.TO,52006995,51825406,51214229,50242811,49153855,48639192,48745975
Bangladesh,BGD,Population ages 15-64 (% of total population),SP.POP.1564.TO.ZS,61.2236072332278,61.7403305619908,62.4844425603217,63.4371252223876,64.3617117778247,64.7973177686173,64.9516858651805
Bangladesh,BGD,"Population ages 15-64, female",SP.POP.1564.FE.IN,46170511,47751874,49510311,51437864,53352585,54639881,56335986
Bangladesh,BGD,"Population ages 15-64, female (% of female population)",SP.POP.1564.FE.ZS,61.7776026770159,62.4308639642647,63.2771159123838,64.3027384409792,65.2868004379571,65.7582967784183,66.2102422012494
Bangladesh,BGD,"Population ages 15-64, male",SP.POP.1564.MA.IN,45343025,46218132,47384377,48770546,50148727,51318704,52561266
Bangladesh,BGD,"Population ages 15-64, male (% of male population)",SP.POP.1564.MA.ZS,60.6696189240082,61.0427450740248,61.6771474072485,62.5490687911241,63.4058765337397,63.8045468676125,63.6548088400134
Bangladesh,BGD,"Population ages 15-64, total",SP.POP.1564.TO,91513536,93970006,96894688,100208410,103501312,105958585,108897252
Bangladesh,BGD,Population ages 65 and above (% of total population),SP.POP.65UP.TO.ZS,3.98311546121115,4.20925466072201,4.48905587386876,4.75656753138087,5.07223834276104,5.45814402305543,5.97381333056883
Bangladesh,BGD,"Population ages 65 and above, female",SP.POP.65UP.FE.IN,2960813,3216738,3525912,3843699,4212711,4624647,5161239
Bangladesh,BGD,"Population ages 65 and above, male",SP.POP.65UP.MA.IN,2992920,3189831,3435271,3670009,3944054,4300680,4854388
Bangladesh,BGD,"Population ages 65 and above, female (% of female population)",SP.POP.65UP.FE.ZS,3.96166068480685,4.20556817517421,4.50632539363892,4.80502794294428,5.1550339526917,5.5656949531318,6.06587196650224
Bangladesh,BGD,"Population ages 65 and above, male (% of male population)",SP.POP.65UP.MA.ZS,4.00456996131252,4.21297879457459,4.47146779730471,4.70685066104404,4.98669090775529,5.34703500541109,5.87895168116253
Bangladesh,BGD,"Population ages 65 and above, total",SP.POP.65UP.TO,5953733,6406569,6961183,7513709,8156764,8925326,10015627
Azerbaijan,AZE,Access to electricity (% of population),EG.ELC.ACCS.ZS,99.7,99.9,100,100,100,100,100
Azerbaijan,AZE,Access to clean fuels and technologies for cooking (% of population),EG.CFT.ACCS.ZS,91.3,93.7,95.5,96.6,97.3,97.8,98.4
Azerbaijan,AZE,"Access to clean fuels and technologies for cooking, rural (% of rural population)",EG.CFT.ACCS.RU.ZS,82.6,87.5,91.1,93.5,95.3,96.5,97.8
Azerbaijan,AZE,"Access to clean fuels and technologies for cooking, urban (% of urban population)",EG.CFT.ACCS.UR.ZS,98.7,99,99.2,99.3,99.3,99.4,99.4
Azerbaijan,AZE,"Access to electricity, rural (% of rural population)",EG.ELC.ACCS.RU.ZS,99.5,99.9,100,100,100,100,100
Azerbaijan,AZE,"Access to electricity, urban (% of urban population)",EG.ELC.ACCS.UR.ZS,99.8,100,100,100,100,100,100
Azerbaijan,AZE,Population ages 0-14 (% of total population),SP.POP.0014.TO.ZS,23.1820340272057,22.3113628018737,22.2809383842387,23.0824332493211,23.7644384698353,23.7619094314226,23.1453170471012
Azerbaijan,AZE,"Population ages 0-14, female",SP.POP.0014.FE.IN,971471,953038,966732,1022162,1080618,1115465,1111521
Azerbaijan,AZE,"Population ages 0-14, female (% of female population)",SP.POP.0014.FE.ZS,21.2825148623193,20.2692307125499,20.0852315328246,20.7643991924796,21.5241616724777,21.9250431032805,21.4720722673907
Azerbaijan,AZE,"Population ages 0-14, male",SP.POP.0014.MA.IN,1060063,1067106,1104456,1178766,1238271,1246415,1234893
Azerbaijan,AZE,"Population ages 0-14, male (% of male population)",SP.POP.0014.MA.ZS,25.2470806141201,24.517459365493,24.6385387549378,25.5563890892232,26.1386233056086,25.6879232649002,24.8912187315624
Azerbaijan,AZE,"Population ages 0-14, total",SP.POP.0014.TO,2031534,2020145,2071188,2200928,2318889,2361879,2346414
Azerbaijan,AZE,Population ages 15-64 (% of total population),SP.POP.1564.TO.ZS,70.4902809165326,71.8007526197132,72.0406993018106,71.2018299395149,70.2891585164324,69.8692138262529,69.708000115884
Azerbaijan,AZE,"Population ages 15-64, female",SP.POP.1564.FE.IN,3260232,3426443,3525491,3568677,3588237,3594033,3636054
Azerbaijan,AZE,"Population ages 15-64, female (% of female population)",SP.POP.1564.FE.ZS,71.4235677531011,72.873620956555,73.2470869922732,72.4948102049411,71.4718711403728,70.6425988845688,70.2403526418431
Azerbaijan,AZE,"Population ages 15-64, male",SP.POP.1564.MA.IN,2917114,3074636,3171256,3220473,3270447,3350807,3430768
Azerbaijan,AZE,"Population ages 15-64, male (% of male population)",SP.POP.1564.MA.ZS,69.4756658328343,70.641742796844,70.745362420018,69.8218777903702,69.0357516248604,69.0582945459001,69.1525313745085
Azerbaijan,AZE,"Population ages 15-64, total",SP.POP.1564.TO,6177345,6501079,6696748,6789151,6858684,6944840,7066823
Azerbaijan,AZE,Population ages 65 and above (% of total population),SP.POP.65UP.TO.ZS,6.32768505626164,5.88788457841308,5.67836231395076,5.71573681116396,5.94640301373228,6.3688767423245,7.14668283701474
Azerbaijan,AZE,"Population ages 65 and above, female",SP.POP.65UP.FE.IN,332941,322416,320925,331827,351633,378131,429014
Azerbaijan,AZE,"Population ages 65 and above, male",SP.POP.65UP.MA.IN,221579,210693,206923,213173,228605,254921,295499
Azerbaijan,AZE,"Population ages 65 and above, female (% of female population)",SP.POP.65UP.FE.ZS,7.2939173845796,6.85714833089506,6.66768147490224,6.74079060257935,7.00396718714949,7.43235801215065,8.28757509076622
Azerbaijan,AZE,"Population ages 65 and above, male (% of male population)",SP.POP.65UP.MA.ZS,5.2772535530456,4.84079783766302,4.6160988250443,4.62173312040662,4.82562506953102,5.2537821891997,5.95624989392915
Azerbaijan,AZE,"Population ages 65 and above, total",SP.POP.65UP.TO,554520,533109,527848,545000,580239,633052,724513
China,CHN,Access to electricity (% of population),EG.ELC.ACCS.ZS,98.8,99.7,99.9,100,100,100,100
China,CHN,Access to clean fuels and technologies for cooking (% of population),EG.CFT.ACCS.ZS,52.7,57.4,62.9,68.8,74.4,79.5,85.9
China,CHN,"Access to clean fuels and technologies for cooking, rural (% of rural population)",EG.CFT.ACCS.RU.ZS,28.2,33.2,39.3,46.9,54.6,62.1,72.4
China,CHN,"Access to clean fuels and technologies for cooking, urban (% of urban population)",EG.CFT.ACCS.UR.ZS,77.6,80.5,83.7,86.4,89.3,91.5,94.5
China,CHN,"Access to electricity, rural (% of rural population)",EG.ELC.ACCS.RU.ZS,97.8,99.4,99.9,100,100,100,100
China,CHN,"Access to electricity, urban (% of urban population)",EG.ELC.ACCS.UR.ZS,100,100,100,100,100,100,100
China,CHN,Population ages 0-14 (% of total population),SP.POP.0014.TO.ZS,18.8667349652856,18.4740498241207,18.2973601933028,18.3286355819234,18.3047480302718,18.3284745596771,17.5818540220458
China,CHN,"Population ages 0-14, female",SP.POP.0014.FE.IN,115551567,114023692,114221536,115934852,117265048,118944248,115312089
China,CHN,"Population ages 0-14, female (% of female population)",SP.POP.0014.FE.ZS,17.857803958914,17.4542688963414,17.2735372492972,17.3059659580993,17.2986347391621,17.3473882745387,16.6791909562674
China,CHN,"Population ages 0-14, male",SP.POP.0014.MA.IN,134367581,133104596,133559486,135508368,136766415,138160262,133006985
China,CHN,"Population ages 0-14, male (% of male population)",SP.POP.0014.MA.ZS,19.8302137478996,19.4473993107979,19.274365508804,19.3046336856339,19.2654841214541,19.2665490724744,18.4473918584532
China,CHN,"Population ages 0-14, total",SP.POP.0014.TO,249919148,247128288,247781022,251443220,254031463,257104510,248319073
China,CHN,Population ages 15-64 (% of total population),SP.POP.1564.TO.ZS,72.7779121303034,72.8644787380355,72.6134379386083,72.0051656801854,71.2044525051679,70.1553162360731,69.2124049434275
China,CHN,"Population ages 15-64, female",SP.POP.1564.FE.IN,471866968,476804884,480683034,482416155,481766703,478854987,474157496
China,CHN,"Population ages 15-64, female (% of female population)",SP.POP.1564.FE.ZS,72.9242190872119,72.9872931631515,72.6929138389546,72.011801486253,71.0689705380654,69.8384624096479,68.5839923420508
China,CHN,"Population ages 15-64, male",SP.POP.1564.MA.IN,492189284,497906891,502640881,505393911,506401569,505255727,503370826
China,CHN,"Population ages 15-64, male (% of male population)",SP.POP.1564.MA.ZS,72.6381962846807,72.7472561519026,72.5375963318666,71.998832712052,71.3338240348454,70.4582788840627,69.8149718412961
China,CHN,"Population ages 15-64, total",SP.POP.1564.TO,964056252,974711775,983323915,987810066,988168271,984110714,977528322
China,CHN,Population ages 65 and above (% of total population),SP.POP.65UP.TO.ZS,8.35535290441098,8.66147143784386,9.08920186808881,9.6661987378912,10.4907994645602,11.5162092042497,13.2057410345267
China,CHN,"Population ages 65 and above, female",SP.POP.65UP.FE.IN,59646286,62442512,66347000,71561625,78854392,87861604,101883426
China,CHN,"Population ages 65 and above, male",SP.POP.65UP.MA.IN,51033314,53422425,56738063,61045089,66735874,73683173,84629178
China,CHN,"Population ages 65 and above, female (% of female population)",SP.POP.65UP.FE.ZS,9.21797695387408,9.55843794050711,10.0335489117483,10.6822325556476,11.6323947227725,12.8141493158134,14.7368167016818
China,CHN,"Population ages 65 and above, male (% of male population)",SP.POP.65UP.MA.ZS,7.53158996741974,7.80534453729952,8.18803815932943,8.69653360231406,9.40069184370047,10.2751720434629,11.7376363002507
China,CHN,"Population ages 65 and above, total",SP.POP.65UP.TO,110679600,115864936,123085063,132606714,145590266,161544776,186512604
Finland,FIN,Access to electricity (% of population),EG.ELC.ACCS.ZS,100,100,100,100,100,100,100
Finland,FIN,Access to clean fuels and technologies for cooking (% of population),EG.CFT.ACCS.ZS,100,100,100,100,100,100,100
Finland,FIN,"Access to clean fuels and technologies for cooking, rural (% of rural population)",EG.CFT.ACCS.RU.ZS,100,100,100,100,100,100,100
Finland,FIN,"Access to clean fuels and technologies for cooking, urban (% of urban population)",EG.CFT.ACCS.UR.ZS,100,100,100,100,100,100,100
Finland,FIN,"Access to electricity, rural (% of rural population)",EG.ELC.ACCS.RU.ZS,100,100,100,100,100,100,100
Finland,FIN,"Access to electricity, urban (% of urban population)",EG.ELC.ACCS.UR.ZS,100,100,100,100,100,100,100
Finland,FIN,Population ages 0-14 (% of total population),SP.POP.0014.TO.ZS,16.8045011675249,16.5570849788765,16.4425320672634,16.401937570903,16.2879910704619,16.069177706368,15.4543387339099
Finland,FIN,"Population ages 0-14, female",SP.POP.0014.FE.IN,436957,434276,435328,437815,437530,433177,418519
Finland,FIN,"Population ages 0-14, female (% of female population)",SP.POP.0014.FE.ZS,16.1292561164068,15.8987685904908,15.805583633232,15.7753675916216,15.6913465797123,15.5021355095789,14.9335937618474
Finland,FIN,"Population ages 0-14, male",SP.POP.0014.MA.IN,455933,453739,454866,457979,457545,453122,437809
Finland,FIN,"Population ages 0-14, male (% of male population)",SP.POP.0014.MA.ZS,17.5069179110395,17.2403291757327,17.1021249517099,17.0492920061609,16.9025767685223,16.6514504074583,15.9872624373543
Finland,FIN,"Population ages 0-14, total",SP.POP.0014.TO,892890,888015,890194,895794,895074,886300,856328
Finland,FIN,Population ages 15-64 (% of total population),SP.POP.1564.TO.ZS,66.5664510536331,66.1834985425622,65.1075093394932,63.9319576160027,63.0282055999224,62.3153408434214,61.6707046917791
Finland,FIN,"Population ages 15-64, female",SP.POP.1564.FE.IN,1749013,1755140,1741885,1724405,1707934,1691212,1676544
Finland,FIN,"Population ages 15-64, female (% of female population)",SP.POP.1564.FE.ZS,64.5607476911498,64.2554065452586,63.2432112535327,62.1338068272407,61.2524588165046,60.5234548197029,59.8224908971635
Finland,FIN,"Population ages 15-64, male",SP.POP.1564.MA.IN,1787928,1794514,1783017,1767246,1755657,1745806,1740640
Finland,FIN,"Population ages 15-64, male (% of male population)",SP.POP.1564.MA.ZS,68.6528634190387,68.1845996717514,67.0380859549405,65.7897563086602,64.8573494089841,64.1553561385525,63.5621429063092
Finland,FIN,"Population ages 15-64, total",SP.POP.1564.TO,3536941,3549654,3524902,3491652,3463591,3437018,3417184
Finland,FIN,Population ages 65 and above (% of total population),SP.POP.65UP.TO.ZS,16.629047778842,17.2594164785613,18.4499585932434,19.6661048130943,20.6838033296157,21.6154814502107,22.8749565743109
Finland,FIN,"Population ages 65 and above, female",SP.POP.65UP.FE.IN,523127,542090,577051,613089,642888,669919,707469
Finland,FIN,"Population ages 65 and above, male",SP.POP.65UP.MA.IN,360441,383594,421824,460978,493750,522288,560037
Finland,FIN,"Population ages 65 and above, female (% of female population)",SP.POP.65UP.FE.ZS,19.3099961924435,19.8458248642506,20.9512051132353,22.0908255811377,23.0561946037831,23.9744096707182,25.2439153409891
Finland,FIN,"Population ages 65 and above, male (% of male population)",SP.POP.65UP.MA.ZS,13.8402186699218,14.5750711525159,15.8597890933496,17.1609516851789,18.2400738224935,19.1931934539892,20.4505946563365
Finland,FIN,"Population ages 65 and above, total",SP.POP.65UP.TO,883568,925683,998875,1074067,1136638,1192207,1267505
Japan,JPN,Access to electricity (% of population),EG.ELC.ACCS.ZS,100,100,100,100,100,100,100
Japan,JPN,Access to clean fuels and technologies for cooking (% of population),EG.CFT.ACCS.ZS,100,100,100,100,100,100,100
Japan,JPN,"Access to clean fuels and technologies for cooking, rural (% of rural population)",EG.CFT.ACCS.RU.ZS,100,100,100,100,100,100,100
Japan,JPN,"Access to clean fuels and technologies for cooking, urban (% of urban population)",EG.CFT.ACCS.UR.ZS,100,100,100,100,100,100,100
Japan,JPN,"Access to electricity, rural (% of rural population)",EG.ELC.ACCS.RU.ZS,100,100,100,100,100,100,100
Japan,JPN,"Access to electricity, urban (% of urban population)",EG.ELC.ACCS.UR.ZS,100,100,100,100,100,100,100
Japan,JPN,Population ages 0-14 (% of total population),SP.POP.0014.TO.ZS,13.5325090930202,13.3709285251368,13.1960930297784,12.9707262695196,12.7232492406355,12.4912219201068,12.0482644490059
Japan,JPN,"Population ages 0-14, female",SP.POP.0014.FE.IN,8436163,8334035,8193935,8031318,7862973,7700798,7362255
Japan,JPN,"Population ages 0-14, female (% of female population)",SP.POP.0014.FE.ZS,12.9092939070509,12.7392194677341,12.5622689423014,12.3430692712158,12.10241165705,11.8757661850621,11.4496068135873
Japan,JPN,"Population ages 0-14, male",SP.POP.0014.MA.IN,8893974,8790114,8648107,8477304,8305223,8139446,7780196
Japan,JPN,"Population ages 0-14, male (% of male population)",SP.POP.0014.MA.ZS,14.1819201881865,14.0305739161878,13.8586015951518,13.6272278297603,13.3727227501458,13.1352649686759,12.6754129916753
Japan,JPN,"Population ages 0-14, total",SP.POP.0014.TO,17330137,17124148,16842042,16508622,16168196,15840243,15142451
Japan,JPN,Population ages 15-64 (% of total population),SP.POP.1564.TO.ZS,64.214111256134,63.5310455900648,62.2912286364192,60.8030853939639,59.7647226208824,59.1635617451289,58.7347384818338
Japan,JPN,"Population ages 15-64, female",SP.POP.1564.FE.IN,40647149,40231266,39291581,38195235,37451598,36977374,36368167
Japan,JPN,"Population ages 15-64, female (% of female population)",SP.POP.1564.FE.ZS,62.1996014036427,61.4966156454335,60.2386324350003,58.7010077806716,57.6441809746276,57.0245663217463,56.5589221767193
Japan,JPN,"Population ages 15-64, male",SP.POP.1564.MA.IN,41587368,41132945,40210091,39192500,38495020,38048531,37450588
Japan,JPN,"Population ages 15-64, male (% of male population)",SP.POP.1564.MA.ZS,66.3132979880736,65.6554449803634,64.436717568697,63.0017659417837,61.9830735414272,61.40191140199,61.0141047575427
Japan,JPN,"Population ages 15-64, total",SP.POP.1564.TO,82234517,81364210,79501672,77387735,75946619,75025904,73818755
Japan,JPN,Population ages 65 and above (% of total population),SP.POP.65UP.TO.ZS,22.2533796508458,23.0980258847984,24.5126783338024,26.2261883365166,27.5120281384821,28.3452163347643,29.2169970691602
Japan,JPN,"Population ages 65 and above, female",SP.POP.65UP.FE.IN,16266221,16854992,17741033,18840874,19655730,20166467,20570957
Japan,JPN,"Population ages 65 and above, male",SP.POP.65UP.MA.IN,12232125,12726650,13544253,14538769,15305455,15778385,16149430
Japan,JPN,"Population ages 65 and above, female (% of female population)",SP.POP.65UP.FE.ZS,24.8911046893064,25.7641648868324,27.1990986226983,28.9559229481127,30.2534073683225,31.0996674931916,31.9914710096934
Japan,JPN,"Population ages 65 and above, male (% of male population)",SP.POP.65UP.MA.ZS,19.5047818237399,20.3139811034488,21.7046808361512,23.371006228456,24.644203708427,25.4628236293341,26.310482250782
Japan,JPN,"Population ages 65 and above, total",SP.POP.65UP.TO,28498346,29581642,31285286,33379643,34961185,35944852,36720387
United Kingdom,GBR,Access to electricity (% of population),EG.ELC.ACCS.ZS,100,100,100,100,100,100,100
United Kingdom,GBR,Access to clean fuels and technologies for cooking (% of population),EG.CFT.ACCS.ZS,100,100,100,100,100,100,100
United Kingdom,GBR,"Access to clean fuels and technologies for cooking, rural (% of rural population)",EG.CFT.ACCS.RU.ZS,100,100,100,100,100,100,100
United Kingdom,GBR,"Access to clean fuels and technologies for cooking, urban (% of urban population)",EG.CFT.ACCS.UR.ZS,100,100,100,100,100,100,100
United Kingdom,GBR,"Access to electricity, rural (% of rural population)",EG.ELC.ACCS.RU.ZS,100,100,100,100,100,100,100
United Kingdom,GBR,"Access to electricity, urban (% of urban population)",EG.ELC.ACCS.UR.ZS,100,100,100,100,100,100,100
United Kingdom,GBR,Population ages 0-14 (% of total population),SP.POP.0014.TO.ZS,17.8234202383107,17.7585543062291,17.7651954603721,17.8347306632136,17.9502325560643,18.0517860948227,17.8347922924352
United Kingdom,GBR,"Population ages 0-14, female",SP.POP.0014.FE.IN,5375694,5439763,5522959,5622525,5744915,5849440,5824151
United Kingdom,GBR,"Population ages 0-14, female (% of female population)",SP.POP.0014.FE.ZS,16.9773908458769,16.9446536918891,16.9767741908031,17.0638163239414,17.1981981315993,17.3041854545988,17.1075707047683
United Kingdom,GBR,"Population ages 0-14, male",SP.POP.0014.MA.IN,5640426,5706636,5793509,5899121,6032518,6147839,6129849
United Kingdom,GBR,"Population ages 0-14, male (% of male population)",SP.POP.0014.MA.ZS,18.7121309139079,18.6106738806165,18.5881374062771,18.6372507455129,18.7302106837204,18.8256420914545,18.5854362948152
United Kingdom,GBR,"Population ages 0-14, total",SP.POP.0014.TO,11016120,11146399,11316468,11521646,11777434,11997279,11954000
United Kingdom,GBR,Population ages 15-64 (% of total population),SP.POP.1564.TO.ZS,66.1398742181397,65.9030603247605,65.2614604980162,64.5811849432514,64.1335648731091,63.6924638374832,63.4465589396069
United Kingdom,GBR,"Population ages 15-64, female",SP.POP.1564.FE.IN,20707110,20926522,21018252,21088408,21237190,21339643,21388336
United Kingdom,GBR,"Population ages 15-64, female (% of female population)",SP.POP.1564.FE.ZS,65.3967040041293,65.185318365244,64.6070554212568,64.0012673630514,63.5764645255631,63.1282839917128,62.8250307653648
United Kingdom,GBR,"Population ages 15-64, male",SP.POP.1564.MA.IN,20171959,20438434,20553438,20632522,20841863,20990588,21137540
United Kingdom,GBR,"Population ages 15-64, male (% of male population)",SP.POP.1564.MA.ZS,66.9205365791447,66.6545058480683,65.9445184114246,65.1848778316575,64.7113656650138,64.2764573941199,64.0881053461181
United Kingdom,GBR,"Population ages 15-64, total",SP.POP.1564.TO,40879069,41364955,41571691,41720930,42079054,42330231,42525876
United Kingdom,GBR,Population ages 65 and above (% of total population),SP.POP.65UP.TO.ZS,16.0367055435496,16.3383853690104,16.9733440416117,17.5840843935351,17.9162025708266,18.2557500676941,18.7186487679579
United Kingdom,GBR,"Population ages 65 and above, female",SP.POP.65UP.FE.IN,5581039,5736837,5991230,6239052,6422064,6614533,6831803
United Kingdom,GBR,"Population ages 65 and above, male",SP.POP.65UP.MA.IN,4330767,4518174,4820827,5120670,5333042,5518301,5714613
United Kingdom,GBR,"Population ages 65 and above, female (% of female population)",SP.POP.65UP.FE.ZS,17.6259051499937,17.8700279428669,18.4161703879401,18.9349163130072,19.2253373428376,19.5675305536884,20.067398529867
United Kingdom,GBR,"Population ages 65 and above, male (% of male population)",SP.POP.65UP.MA.ZS,14.3673325069475,14.7348202713152,15.4673441822983,16.1778714228295,16.5584236512658,16.8979005144256,17.3264583590667
United Kingdom,GBR,"Population ages 65 and above, total",SP.POP.65UP.TO,9911806,10255011,10812057,11359723,11755106,12132834,12546416
,,,,,,,,,,
,,,,,,,,,,
,,,,,,,,,,
Data from database: World Development Indicators,,,,,,,,,,
Last Updated: 06/05/2025,,,,,,,,,,
